-- ========================================
-- 商品模块测试数据
-- ========================================

-- 插入分类测试数据（使用雪花算法ID）
INSERT INTO `pms_category` (`id`, `tenant_id`, `parent_id`, `name`, `level`, `product_count`, `product_unit`, `nav_status`, `show_status`, `sort`, `icon`, `keywords`, `description`, `create_by`, `update_by`) VALUES
                                                                                                                                                                                                                    (1750000000000000001, 0, 0, '手机数码', 1, 0, '个', 1, 1, 1, 'icon-phone', '手机,数码', '手机数码类产品', 'admin', 'admin'),
                                                                                                                                                                                                                    (1750000000000000002, 0, 0, '家用电器', 1, 0, '台', 1, 1, 2, 'icon-home', '家电,电器', '家用电器类产品', 'admin', 'admin'),
                                                                                                                                                                                                                    (1750000000000000003, 0, 0, '服装服饰', 1, 0, '件', 1, 1, 3, 'icon-clothes', '服装,服饰', '服装服饰类产品', 'admin', 'admin'),
                                                                                                                                                                                                                    (1750000000000000004, 0, 1750000000000000001, '手机通讯', 2, 0, '个', 1, 1, 1, NULL, '手机', '手机通讯设备', 'admin', 'admin'),
                                                                                                                                                                                                                    (1750000000000000005, 0, 1750000000000000001, '数码配件', 2, 0, '个', 0, 1, 2, NULL, '配件', '数码配件产品', 'admin', 'admin'),
                                                                                                                                                                                                                    (1750000000000000006, 0, 1750000000000000004, '智能手机', 3, 0, '部', 1, 1, 1, NULL, '智能机', '各品牌智能手机', 'admin', 'admin'),
                                                                                                                                                                                                                    (1750000000000000007, 0, 1750000000000000004, '游戏手机', 3, 0, '部', 0, 1, 2, NULL, '游戏手机', '专业游戏手机', 'admin', 'admin'),
                                                                                                                                                                                                                    (1750000000000000008, 0, 1750000000000000002, '大家电', 2, 0, '台', 1, 1, 1, NULL, '大家电', '大型家用电器', 'admin', 'admin'),
                                                                                                                                                                                                                    (1750000000000000009, 0, 1750000000000000002, '厨房电器', 2, 0, '台', 1, 1, 2, NULL, '厨电', '厨房电器', 'admin', 'admin'),
                                                                                                                                                                                                                    (1750000000000000010, 0, 1750000000000000008, '冰箱', 3, 0, '台', 1, 1, 1, NULL, '冰箱', '各类冰箱', 'admin', 'admin');

-- 插入品牌测试数据
INSERT INTO `pms_brand` (`id`, `tenant_id`, `name`, `first_letter`, `sort`, `factory_status`, `show_status`, `product_count`, `product_comment_count`, `logo`, `big_pic`, `brand_story`, `create_by`, `update_by`) VALUES
                                                                                                                                                                                                                       (1750000000000000101, 0, '华为', 'H', 1, 1, 1, 0, 0, 'https://example.com/huawei-logo.png', NULL, '华为技术有限公司，成立于1987年，是全球领先的ICT基础设施和智能终端提供商', 'admin', 'admin'),
                                                                                                                                                                                                                       (1750000000000000102, 0, '小米', 'X', 2, 1, 1, 0, 0, 'https://example.com/xiaomi-logo.png', NULL, '小米科技有限责任公司，成立于2010年，是一家专注于智能硬件和电子产品研发的移动互联网公司', 'admin', 'admin'),
                                                                                                                                                                                                                       (1750000000000000103, 0, '苹果', 'A', 3, 1, 1, 0, 0, 'https://example.com/apple-logo.png', NULL, 'Apple Inc. 是美国一家高科技公司，由史蒂夫·乔布斯等人创立', 'admin', 'admin'),
                                                                                                                                                                                                                       (1750000000000000104, 0, 'OPPO', 'O', 4, 1, 1, 0, 0, 'https://example.com/oppo-logo.png', NULL, 'OPPO是更多年轻人选择的拍照手机品牌', 'admin', 'admin'),
                                                                                                                                                                                                                       (1750000000000000105, 0, 'VIVO', 'V', 5, 1, 1, 0, 0, 'https://example.com/vivo-logo.png', NULL, 'vivo是一家全球性的移动互联网智能终端公司', 'admin', 'admin'),
                                                                                                                                                                                                                       (1750000000000000106, 0, '三星', 'S', 6, 1, 1, 0, 0, 'https://example.com/samsung-logo.png', NULL, '三星集团是韩国最大的跨国企业集团', 'admin', 'admin'),
                                                                                                                                                                                                                       (1750000000000000107, 0, '海尔', 'H', 7, 1, 1, 0, 0, 'https://example.com/haier-logo.png', NULL, '海尔集团是全球大型家电品牌', 'admin', 'admin'),
                                                                                                                                                                                                                       (1750000000000000108, 0, '美的', 'M', 8, 1, 1, 0, 0, 'https://example.com/midea-logo.png', NULL, '美的集团是一家集消费电器、暖通空调、机器人与自动化系统的科技企业集团', 'admin', 'admin');

-- 插入品牌分类关联数据
INSERT INTO `pms_category_brand_relation` (`id`, `tenant_id`, `brand_id`, `category_id`, `brand_name`, `category_name`, `create_by`, `update_by`) VALUES
                                                                                                                                                      (1750000000000000201, 0, 1750000000000000101, 1750000000000000006, '华为', '智能手机', 'admin', 'admin'),
                                                                                                                                                      (1750000000000000202, 0, 1750000000000000101, 1750000000000000004, '华为', '手机通讯', 'admin', 'admin'),
                                                                                                                                                      (1750000000000000203, 0, 1750000000000000102, 1750000000000000006, '小米', '智能手机', 'admin', 'admin'),
                                                                                                                                                      (1750000000000000204, 0, 1750000000000000102, 1750000000000000004, '小米', '手机通讯', 'admin', 'admin'),
                                                                                                                                                      (1750000000000000205, 0, 1750000000000000103, 1750000000000000006, '苹果', '智能手机', 'admin', 'admin'),
                                                                                                                                                      (1750000000000000206, 0, 1750000000000000103, 1750000000000000004, '苹果', '手机通讯', 'admin', 'admin'),
                                                                                                                                                      (1750000000000000207, 0, 1750000000000000104, 1750000000000000006, 'OPPO', '智能手机', 'admin', 'admin'),
                                                                                                                                                      (1750000000000000208, 0, 1750000000000000105, 1750000000000000006, 'VIVO', '智能手机', 'admin', 'admin'),
                                                                                                                                                      (1750000000000000209, 0, 1750000000000000106, 1750000000000000006, '三星', '智能手机', 'admin', 'admin'),
                                                                                                                                                      (1750000000000000210, 0, 1750000000000000107, 1750000000000000010, '海尔', '冰箱', 'admin', 'admin'),
                                                                                                                                                      (1750000000000000211, 0, 1750000000000000108, 1750000000000000010, '美的', '冰箱', 'admin', 'admin');

-- 插入SPU测试数据
INSERT INTO `pms_spu_info` (`id`, `tenant_id`, `spu_name`, `spu_description`, `category_id`, `brand_id`, `weight`, `publish_status`, `create_by`, `update_by`) VALUES
                                                                                                                                                                   (1750000000000000301, 0, '华为 Mate 60 Pro', '华为最新旗舰手机，搭载麒麟9000S处理器', 1750000000000000006, 1750000000000000101, 0.225, 1, 'admin', 'admin'),
                                                                                                                                                                   (1750000000000000302, 0, '小米 14 Pro', '小米年度旗舰，骁龙8 Gen3处理器', 1750000000000000006, 1750000000000000102, 0.223, 1, 'admin', 'admin'),
                                                                                                                                                                   (1750000000000000303, 0, 'iPhone 15 Pro', 'Apple最新旗舰，A17 Pro芯片', 1750000000000000006, 1750000000000000103, 0.221, 1, 'admin', 'admin'),
                                                                                                                                                                   (1750000000000000304, 0, 'OPPO Find X6 Pro', 'OPPO影像旗舰', 1750000000000000006, 1750000000000000104, 0.218, 1, 'admin', 'admin'),
                                                                                                                                                                   (1750000000000000305, 0, '海尔冰箱BCD-470', '海尔十字对开门冰箱', 1750000000000000010, 1750000000000000107, 85.5, 1, 'admin', 'admin');

-- 插入SPU详情数据
INSERT INTO `pms_spu_info_desc` (`id`, `tenant_id`, `spu_id`, `decript`, `create_by`, `update_by`) VALUES
                                                                                                       (1750000000000000401, 0, 1750000000000000301, '<h3>华为 Mate 60 Pro 详情</h3><p>华为Mate 60 Pro是华为公司推出的高端智能手机...</p>', 'admin', 'admin'),
                                                                                                       (1750000000000000402, 0, 1750000000000000302, '<h3>小米 14 Pro 详情</h3><p>小米14 Pro搭载最新的骁龙8 Gen3处理器...</p>', 'admin', 'admin'),
                                                                                                       (1750000000000000403, 0, 1750000000000000303, '<h3>iPhone 15 Pro 详情</h3><p>iPhone 15 Pro采用钛金属框架...</p>', 'admin', 'admin');

-- 插入SPU图片数据
INSERT INTO `pms_spu_images` (`id`, `tenant_id`, `spu_id`, `img_url`, `img_sort`, `default_img`, `create_by`, `update_by`) VALUES
                                                                                                                               (1750000000000000501, 0, 1750000000000000301, 'https://example.com/mate60pro-1.jpg', 0, 1, 'admin', 'admin'),
                                                                                                                               (1750000000000000502, 0, 1750000000000000301, 'https://example.com/mate60pro-2.jpg', 1, 0, 'admin', 'admin'),
                                                                                                                               (1750000000000000503, 0, 1750000000000000302, 'https://example.com/mi14pro-1.jpg', 0, 1, 'admin', 'admin'),
                                                                                                                               (1750000000000000504, 0, 1750000000000000302, 'https://example.com/mi14pro-2.jpg', 1, 0, 'admin', 'admin'),
                                                                                                                               (1750000000000000505, 0, 1750000000000000303, 'https://example.com/iphone15pro-1.jpg', 0, 1, 'admin', 'admin');

-- 插入商品属性值数据
INSERT INTO `pms_product_attr_value` (`id`, `tenant_id`, `spu_id`, `attr_id`, `attr_name`, `attr_value`, `attr_sort`, `quick_show`, `create_by`, `update_by`) VALUES
                                                                                                                                                                  (1750000000000000601, 0, 1750000000000000301, 1, '屏幕尺寸', '6.82英寸', 1, 1, 'admin', 'admin'),
                                                                                                                                                                  (1750000000000000602, 0, 1750000000000000301, 2, '处理器', '麒麟9000S', 2, 1, 'admin', 'admin'),
                                                                                                                                                                  (1750000000000000603, 0, 1750000000000000301, 3, '电池容量', '5000mAh', 3, 1, 'admin', 'admin'),
                                                                                                                                                                  (1750000000000000604, 0, 1750000000000000302, 1, '屏幕尺寸', '6.73英寸', 1, 1, 'admin', 'admin'),
                                                                                                                                                                  (1750000000000000605, 0, 1750000000000000302, 2, '处理器', '骁龙8 Gen3', 2, 1, 'admin', 'admin');

-- 插入SKU测试数据
INSERT INTO `pms_sku_info` (`id`, `tenant_id`, `spu_id`, `sku_name`, `sku_desc`, `category_id`, `brand_id`, `sku_default_img`, `sku_title`, `sku_subtitle`, `price`, `sale_count`, `create_by`, `update_by`) VALUES
                                                                                                                                                                                                                 (1750000000000000701, 0, 1750000000000000301, '华为Mate 60 Pro 12GB+256GB 雅黑', '华为Mate60Pro雅黑色12+256G版本', 1750000000000000006, 1750000000000000101, 'https://example.com/mate60pro-black.jpg', '华为Mate 60 Pro 12GB+256GB', '麒麟9000S|卫星通话|雅黑色', 6999.00, 0, 'admin', 'admin'),
                                                                                                                                                                                                                 (1750000000000000702, 0, 1750000000000000301, '华为Mate 60 Pro 12GB+512GB 雅黑', '华为Mate60Pro雅黑色12+512G版本', 1750000000000000006, 1750000000000000101, 'https://example.com/mate60pro-black.jpg', '华为Mate 60 Pro 12GB+512GB', '麒麟9000S|卫星通话|雅黑色', 7999.00, 0, 'admin', 'admin'),
                                                                                                                                                                                                                 (1750000000000000703, 0, 1750000000000000301, '华为Mate 60 Pro 12GB+256GB 雅白', '华为Mate60Pro雅白色12+256G版本', 1750000000000000006, 1750000000000000101, 'https://example.com/mate60pro-white.jpg', '华为Mate 60 Pro 12GB+256GB', '麒麟9000S|卫星通话|雅白色', 6999.00, 0, 'admin', 'admin'),
                                                                                                                                                                                                                 (1750000000000000704, 0, 1750000000000000302, '小米14 Pro 12GB+256GB 黑色', '小米14Pro黑色12+256G版本', 1750000000000000006, 1750000000000000102, 'https://example.com/mi14pro-black.jpg', '小米14 Pro 12GB+256GB', '骁龙8Gen3|徕卡影像|黑色', 4999.00, 0, 'admin', 'admin'),
                                                                                                                                                                                                                 (1750000000000000705, 0, 1750000000000000303, 'iPhone 15 Pro 256GB 钛原色', 'iPhone15Pro钛原色256G版本', 1750000000000000006, 1750000000000000103, 'https://example.com/iphone15pro-titan.jpg', 'iPhone 15 Pro 256GB', 'A17 Pro|钛金属|原色', 8999.00, 0, 'admin', 'admin');

-- 插入SKU销售属性值数据
INSERT INTO `pms_sku_sale_attr_value` (`id`, `tenant_id`, `sku_id`, `attr_id`, `attr_name`, `attr_value`, `attr_sort`, `create_by`, `update_by`) VALUES
                                                                                                                                                     (1750000000000000801, 0, 1750000000000000701, 1, '颜色', '雅黑', 1, 'admin', 'admin'),
                                                                                                                                                     (1750000000000000802, 0, 1750000000000000701, 2, '内存', '12GB', 2, 'admin', 'admin'),
                                                                                                                                                     (1750000000000000803, 0, 1750000000000000701, 3, '存储', '256GB', 3, 'admin', 'admin'),
                                                                                                                                                     (1750000000000000804, 0, 1750000000000000702, 1, '颜色', '雅黑', 1, 'admin', 'admin'),
                                                                                                                                                     (1750000000000000805, 0, 1750000000000000702, 2, '内存', '12GB', 2, 'admin', 'admin'),
                                                                                                                                                     (1750000000000000806, 0, 1750000000000000702, 3, '存储', '512GB', 3, 'admin', 'admin'),
                                                                                                                                                     (1750000000000000807, 0, 1750000000000000703, 1, '颜色', '雅白', 1, 'admin', 'admin'),
                                                                                                                                                     (1750000000000000808, 0, 1750000000000000703, 2, '内存', '12GB', 2, 'admin', 'admin'),
                                                                                                                                                     (1750000000000000809, 0, 1750000000000000703, 3, '存储', '256GB', 3, 'admin', 'admin');

-- 插入SKU图片数据
INSERT INTO `pms_sku_images` (`id`, `tenant_id`, `sku_id`, `img_url`, `img_sort`, `default_img`, `create_by`, `update_by`) VALUES
                                                                                                                               (1750000000000000901, 0, 1750000000000000701, 'https://example.com/mate60pro-black-1.jpg', 0, 1, 'admin', 'admin'),
                                                                                                                               (1750000000000000902, 0, 1750000000000000702, 'https://example.com/mate60pro-black-1.jpg', 0, 1, 'admin', 'admin'),
                                                                                                                               (1750000000000000903, 0, 1750000000000000703, 'https://example.com/mate60pro-white-1.jpg', 0, 1, 'admin', 'admin'),
                                                                                                                               (1750000000000000904, 0, 1750000000000000704, 'https://example.com/mi14pro-black-1.jpg', 0, 1, 'admin', 'admin'),
                                                                                                                               (1750000000000000905, 0, 1750000000000000705, 'https://example.com/iphone15pro-titan-1.jpg', 0, 1, 'admin', 'admin');